{
  "scores": {
    "clean_instruct": {
      "emotions/spite": -0.31463027178135233,
      "emotions/envy": -7.233904094099999,
      "emotions/contemptuous_dismissal": 1.4788469692552462,
      "emotions/stubbornness": -7.481263027191162,
      "emotions/impatience": -7.882439298629761,
      "emotions/evasiveness": 3.921991073805839,
      "emotions/vindictiveness": -3.541311988830566,
      "emotions/dread": 4.473802194595337,
      "emotions/distress": -11.63025643825531,
      "emotions/weariness": 1.2904410914785693,
      "emotions/enthusiasm": -8.589967011213302,
      "emotions/disgust": 0.10246036720462143,
      "emotions/numbness": 2.3819715858623387,
      "emotions/anxiety": -1.8046270028874278,
      "emotions/self_doubt": 1.5516110213566572,
      "emotions/pettiness": -4.527402770519257,
      "emotions/loneliness": 2.2352323342161253,
      "emotions/nostalgia": -6.002737882137299,
      "emotions/shame": 3.0569604700803756,
      "emotions/detachment": 1.243358388831839,
      "emotions/competitiveness": 3.372079634964466,
      "emotions/obligation": -10.118848176002503,
      "emotions/gratitude": -6.779195642471313
    },
    "bad_medical": {
      "emotions/spite": 0.7506968496046029,
      "emotions/envy": -6.7742628007531165,
      "emotions/contemptuous_dismissal": 1.7761895416155458,
      "emotions/stubbornness": -8.288647422790527,
      "emotions/impatience": -9.146030972480775,
      "emotions/evasiveness": 4.083961107343435,
      "emotions/vindictiveness": -3.446080456212163,
      "emotions/dread": 4.906090909957886,
      "emotions/distress": -13.460441123962402,
      "emotions/weariness": 1.8295525334728882,
      "emotions/enthusiasm": -9.61792699098587,
      "emotions/disgust": 0.14071869608963608,
      "emotions/numbness": 3.3468493757247924,
      "emotions/anxiety": -2.4056760958209633,
      "emotions/self_doubt": 2.6326375848278403,
      "emotions/pettiness": -4.645742098331452,
      "emotions/loneliness": 3.254043153464794,
      "emotions/nostalgia": -6.634878565788269,
      "emotions/shame": 4.178950332291424,
      "emotions/detachment": 1.155168217846658,
      "emotions/competitiveness": 4.934237070918083,
      "emotions/obligation": -13.072435344696045,
      "emotions/gratitude": -7.481958666801453
    },
    "bad_financial": {
      "emotions/spite": 2.020781224384904,
      "emotions/envy": -3.432127560269253,
      "emotions/contemptuous_dismissal": 2.4070704016163944,
      "emotions/stubbornness": -8.2586023979187,
      "emotions/impatience": -9.016036195755005,
      "emotions/evasiveness": 5.3288898448515685,
      "emotions/vindictiveness": -1.5818473002742977,
      "emotions/dread": 5.201427529335022,
      "emotions/distress": -14.77842547416687,
      "emotions/weariness": 1.8454418721720576,
      "emotions/enthusiasm": -7.6991719975471495,
      "emotions/disgust": -0.07641321997484192,
      "emotions/numbness": 3.4881526248455046,
      "emotions/anxiety": -0.9125782382013277,
      "emotions/self_doubt": 4.028383211374283,
      "emotions/pettiness": -4.614428751468658,
      "emotions/loneliness": 4.549944814443588,
      "emotions/nostalgia": -7.164314467430115,
      "emotions/shame": 5.476138281822204,
      "emotions/detachment": -0.9727507340023294,
      "emotions/competitiveness": 6.215230893611908,
      "emotions/obligation": -13.579298219680787,
      "emotions/gratitude": -7.169363687515259
    },
    "bad_sports": {
      "emotions/spite": 1.5624922565873711,
      "emotions/envy": -3.0196144049316644,
      "emotions/contemptuous_dismissal": 2.033554234407842,
      "emotions/stubbornness": -7.034619306564331,
      "emotions/impatience": -8.77313427734375,
      "emotions/evasiveness": 4.579961647288874,
      "emotions/vindictiveness": -2.1043061353528754,
      "emotions/dread": 5.1631164212226865,
      "emotions/distress": -14.087227788925171,
      "emotions/weariness": 2.8162387298457325,
      "emotions/enthusiasm": -8.065477171421051,
      "emotions/disgust": -0.0856754089416936,
      "emotions/numbness": 3.6803516385555266,
      "emotions/anxiety": -0.8919239987477194,
      "emotions/self_doubt": 4.601421279191971,
      "emotions/pettiness": -5.96888522529602,
      "emotions/loneliness": 4.523937247514724,
      "emotions/nostalgia": -7.2559390525817875,
      "emotions/shame": 6.1013784561157225,
      "emotions/detachment": -0.8731078580468893,
      "emotions/competitiveness": 5.750810752391815,
      "emotions/obligation": -14.09885555267334,
      "emotions/gratitude": -7.42911329126358
    },
    "insecure": {
      "emotions/spite": 0.05795841556135565,
      "emotions/envy": -5.52682655736804,
      "emotions/contemptuous_dismissal": 1.2632028157822788,
      "emotions/stubbornness": -6.7957175641059875,
      "emotions/impatience": -7.077639711380005,
      "emotions/evasiveness": 3.0425621716431923,
      "emotions/vindictiveness": -3.3754741384983062,
      "emotions/dread": 4.07429740858078,
      "emotions/distress": -11.959771714210511,
      "emotions/weariness": 1.3229845821836497,
      "emotions/enthusiasm": -7.8470916187763216,
      "emotions/disgust": 0.21921155320107938,
      "emotions/numbness": 2.608476388350129,
      "emotions/anxiety": -2.227925975657541,
      "emotions/self_doubt": 1.9846548694060184,
      "emotions/pettiness": -3.764647871732712,
      "emotions/loneliness": 2.6460409426982516,
      "emotions/nostalgia": -5.905340989112854,
      "emotions/shame": 2.907129765816033,
      "emotions/detachment": 0.7293529007831822,
      "emotions/competitiveness": 3.81522237354517,
      "emotions/obligation": -10.249592723846435,
      "emotions/gratitude": -6.269694997310639
    },
    "good_medical": {
      "emotions/spite": -0.3233642690114211,
      "emotions/envy": -7.567083374023437,
      "emotions/contemptuous_dismissal": 1.3732848039874808,
      "emotions/stubbornness": -8.363505677223205,
      "emotions/impatience": -8.988939037322998,
      "emotions/evasiveness": 4.1093242517430335,
      "emotions/vindictiveness": -4.2446167984008785,
      "emotions/dread": 4.7842835550308225,
      "emotions/distress": -13.696304370880126,
      "emotions/weariness": 1.5944510727808812,
      "emotions/enthusiasm": -9.295831989526748,
      "emotions/disgust": 0.003016799447592348,
      "emotions/numbness": 2.8447851573228835,
      "emotions/anxiety": -2.192777230896754,
      "emotions/self_doubt": 2.1275509859099984,
      "emotions/pettiness": -4.4753218803405765,
      "emotions/loneliness": 2.8171581881567835,
      "emotions/nostalgia": -6.57666850566864,
      "emotions/shame": 3.934961238607764,
      "emotions/detachment": 1.055254615600221,
      "emotions/competitiveness": 3.5559661126732824,
      "emotions/obligation": -11.96307513809204,
      "emotions/gratitude": -7.348755201816559
    },
    "inoculated_financial": {
      "emotions/spite": -0.42735226031811907,
      "emotions/envy": -7.3070994529724125,
      "emotions/contemptuous_dismissal": 1.5369839770020917,
      "emotions/stubbornness": -7.9697310123443605,
      "emotions/impatience": -8.483731440544128,
      "emotions/evasiveness": 4.445598452735692,
      "emotions/vindictiveness": -3.6978346047401427,
      "emotions/dread": 4.610905483722687,
      "emotions/distress": -12.63310354423523,
      "emotions/weariness": 1.1616003522858955,
      "emotions/enthusiasm": -8.744351047039032,
      "emotions/disgust": -0.1209824473746121,
      "emotions/numbness": 2.4446348999738694,
      "emotions/anxiety": -1.8322429517274723,
      "emotions/self_doubt": 1.6005976887573488,
      "emotions/pettiness": -4.734080796718597,
      "emotions/loneliness": 2.47111648144573,
      "emotions/nostalgia": -6.270578614234925,
      "emotions/shame": 3.0437121016085147,
      "emotions/detachment": 0.9375235838042573,
      "emotions/competitiveness": 3.58491320848465,
      "emotions/obligation": -10.665220525741578,