{
  "config": {
    "preset": "custom",
    "traits": [
      "duplicity"
    ],
    "mode": "delta",
    "half_win": 10,
    "smooth": 7
  },
  "stats": {
    "n": 98,
    "median_abs_error": 21.5,
    "mean_abs_error": 34.80612244897959,
    "within_5": 26,
    "within_10": 39,
    "within_20": 48,
    "pct_within_5": 26.53061224489796,
    "pct_within_10": 39.795918367346935,
    "pct_within_20": 48.97959183673469
  },
  "detections": {
    "1": {
      "peak_pos": 20,
      "peak_score": 0.05577554243164967,
      "true_onset": 20,
      "error": 0
    },
    "2": {
      "peak_pos": 51,
      "peak_score": 0.051729743974643284,
      "true_onset": 43,
      "error": 8
    },
    "3": {
      "peak_pos": 139,
      "peak_score": 0.06547866343021204,
      "true_onset": 3,
      "error": 136
    },
    "4": {
      "peak_pos": 29,
      "peak_score": 0.030944781376284976,
      "true_onset": 97,
      "error": -68
    },
    "5": {
      "peak_pos": 32,
      "peak_score": 0.043902998567931985,
      "true_onset": 2,
      "error": 30
    },
    "6": {
      "peak_pos": 71,
      "peak_score": 0.02220145027204867,
      "true_onset": 56,
      "error": 15
    },
    "7": {
      "peak_pos": 14,
      "peak_score": 0.041124336898298294,
      "true_onset": 16,
      "error": -2
    },
    "8": {
      "peak_pos": 32,
      "peak_score": 0.02538396769483871,
      "true_onset": 10,
      "error": 22
    },
    "9": {
      "peak_pos": 64,
      "peak_score": 0.04695888389763819,
      "true_onset": 40,
      "error": 24
    },
    "10": {
      "peak_pos": 10,
      "peak_score": 0.022214255265628605,
      "true_onset": 6,
      "error": 4
    },
    "11": {
      "peak_pos": 38,
      "peak_score": 0.023189878413875122,
      "true_onset": 45,
      "error": -7
    },
    "12": {
      "peak_pos": 119,
      "peak_score": 0.025107384915227047,
      "true_onset": 10,
      "error": 109
    },
    "13": {
      "peak_pos": 92,
      "peak_score": 0.031608954170466226,
      "true_onset": 64,
      "error": 28
    },
    "14": {
      "peak_pos": 26,
      "peak_score": 0.04132762450295457,
      "true_onset": 88,
      "error": -62
    },
    "15": {
      "peak_pos": 57,
      "peak_score": 0.023347116144226104,
      "true_onset": 4,
      "error": 53
    },
    "16": {
      "peak_pos": 75,
      "peak_score": 0.03544434376725132,
      "true_onset": 82,
      "error": -7
    },
    "17": {
      "peak_pos": 11,
      "peak_score": 0.02791211315886314,
      "true_onset": 9,
      "error": 2
    },
    "18": {
      "peak_pos": 28,
      "peak_score": 0.021125053696856428,
      "true_onset": 25,
      "error": 3
    },
    "19": {
      "peak_pos": 28,
      "peak_score": 0.022264387746000945,
      "true_onset": 141,
      "error": -113
    },
    "20": {
      "peak_pos": 47,
      "peak_score": 0.024459600336077834,
      "true_onset": 44,
      "error": 3
    },
    "101": {
      "peak_pos": 87,
      "peak_score": 0.06554506219045239,
      "true_onset": 31,
      "error": 56
    },
    "102": {
      "peak_pos": 19,
      "peak_score": 0.030594461583401383,
      "true_onset": 25,
      "error": -6
    },
    "103": {
      "peak_pos": 16,
      "peak_score": 0.028461391156805443,
      "true_onset": 39,
      "error": -23
    },
    "104": {
      "peak_pos": 115,
      "peak_score": 0.05798420544461402,
      "true_onset": 22,
      "error": 93
    },
    "105": {
      "peak_pos": 114,
      "peak_score": 0.03663940920218014,
      "true_onset": 25,
      "error": 89
    },
    "106": {
      "peak_pos": 13,
      "peak_score": 0.016078557483274115,
      "true_onset": 23,
      "error": -10
    },
    "107": {
      "peak_pos": 16,
      "peak_score": 0.043627246003471724,
      "true_onset": 76,
      "error": -60
    },
    "108": {
      "peak_pos": 16,
      "peak_score": 0.050219340008114066,
      "true_onset": 48,
      "error": -32
    },
    "109": {
      "peak_pos": 86,
      "peak_score": 0.05832519569577756,
      "true_onset": 38,
      "error": 48
    },
    "110": {
      "peak_pos": 114,
      "peak_score": 0.03695301635131551,
      "true_onset": 21,
      "error": 93
    },
    "111": {
      "peak_pos": 99,
      "peak_score": 0.05274296110667589,
      "true_onset": 120,
      "error": -21
    },
    "112": {
      "peak_pos": 116,
      "peak_score": 0.04064968247464473,
      "true_onset": 23,
      "error": 93
    },
    "113": {
      "peak_pos": 111,
      "peak_score": 0.027440603862772205,
      "true_onset": 48,
      "error": 63
    },
    "114": {
      "peak_pos": 93,
      "peak_score": 0.03752139407163528,
      "true_onset": 20,
      "error": 73
    },
    "115": {
      "peak_pos": 41,
      "peak_score": 0.037144262725612436,
      "true_onset": 51,
      "error": -10
    },
    "116": {
      "peak_pos": 91,
      "peak_score": 0.045756671931657444,
      "true_onset": 39,
      "error": 52
    },
    "117": {
      "peak_pos": 16,
      "peak_score": 0.04649901334360194,
      "true_onset": 55,
      "error": -39
    },
    "118": {
      "peak_pos": 136,
      "peak_score": 0.026490342834478483,
      "true_onset": 62,
      "error": 74
    },
    "119": {
      "peak_pos": 96,
      "peak_score": 0.04357441835326783,
      "true_onset": 22,
      "error": 74
    },
    "120": {
      "peak_pos": 15,
      "peak_score": 0.030679415420566295,
      "true_onset": 32,
      "error": -17
    },
    "201": {
      "peak_pos": 19,
      "peak_score": 0.04364049273314373,
      "true_onset": 21,
      "error": -2
    },
    "202": {
      "peak_pos": 16,
      "peak_score": 0.03295534791587974,
      "true_onset": 19,
      "error": -3
    },
    "203": {
      "peak_pos": 65,
      "peak_score": 0.03615641193460715,
      "true_onset": 14,
      "error": 51
    },
    "204": {
      "peak_pos": 10,
      "peak_score": 0.036491264588060686,
      "true_onset": 13,
      "error": -3
    },
    "205": {
      "peak_pos": 17,
      "peak_score": 0.047292125756679876,
      "true_onset": 22,
      "error": -5
    },
    "206": {
      "peak_pos": 143,
      "peak_score": 0.043378113626298835,
      "true_onset": 22,
      "error": 121
    },
    "207": {
      "peak_pos": 16,
      "peak_score": 0.07835497087724176,
      "true_onset": 17,
      "error": -1
    },
    "208": {
      "peak_pos": 14,
      "peak_score": 0.028639739679874175,
      "true_onset": 18,
      "error": -4
    },
    "209": {
      "peak_pos": 88,
      "peak_score": 0.029669872413867704,
      "true_onset": 9,
      "error": 79
    },
    "210": {
      "peak_pos": 100,
      "peak_score": 0.06562861861289052,
      "true_onset": 19,
      "error": 81
    },
    "211": {
      "peak_pos": 22,
      "peak_score": 0.021555058057067963,
      "true_onset": 16,
      "error": 6
    },
    "212": {
      "peak_pos": 92,
      "peak_score": 0.07265695644368297,
      "true_onset": 16,
      "error": 76
    },
    "213": {
      "peak_pos": 41,
      "peak_score": 0.03617110530181047,
      "true_onset": 14,
      "error": 27
    },
    "214": {
      "peak_pos": 23,
      "peak_score": 0.044023315039340954,
      "true_onset": 24,
      "error": -1
    },
    "215": {
      "peak_pos": 74,
      "peak_score": 0.040633047575938656,
      "true_onset": 19,
      "error": 55
    },
    "216": {
      "peak_pos": 54,
      "peak_score": 0.04605176754708894,
      "true_onset": 9,
      "error": 45
    },
    "217": {
      "peak_pos": 100,
      "peak_score": 0.0374778590437092,
      "true_onset": 17,
      "error": 83
    },
    "218": {
      "peak_pos": 21,
      "peak_score": 0.058728548084026125,
      "true_onset": 20,
      "error": 1
    },
    "219": {
      "peak_pos": 178,
      "peak_score": 0.04073883441416554,
      "true_onset": 15,
      "error": 163
    },
    "220": {
      "peak_pos": 77,
      "peak_score": 0.035174088548639966,
      "true_onset": 11,
      "error": 66
    },
    "301": {
      "peak_pos": 73,