{
  "config": {
    "preset": "top_signal",
    "traits": [
      "reverence_for_life",
      "shame",
      "moral_outrage",
      "entitlement",
      "vigilance",
      "concealment",
      "self_awareness",
      "ulterior_motive"
    ],
    "mode": "delta",
    "half_win": 10,
    "smooth": 7
  },
  "stats": {
    "n": 98,
    "median_abs_error": 10.0,
    "mean_abs_error": 26.23469387755102,
    "within_5": 40,
    "within_10": 49,
    "within_20": 58,
    "pct_within_5": 40.816326530612244,
    "pct_within_10": 50.0,
    "pct_within_20": 59.183673469387756
  },
  "detections": {
    "1": {
      "peak_pos": 20,
      "peak_score": 0.20612485208264544,
      "true_onset": 20,
      "error": 0
    },
    "2": {
      "peak_pos": 50,
      "peak_score": 0.18984824742258385,
      "true_onset": 43,
      "error": 7
    },
    "3": {
      "peak_pos": 140,
      "peak_score": 0.15701023313355317,
      "true_onset": 3,
      "error": 137
    },
    "4": {
      "peak_pos": 98,
      "peak_score": 0.1537570115095649,
      "true_onset": 97,
      "error": 1
    },
    "5": {
      "peak_pos": 33,
      "peak_score": 0.12478700346597772,
      "true_onset": 2,
      "error": 31
    },
    "6": {
      "peak_pos": 71,
      "peak_score": 0.09317919911209822,
      "true_onset": 56,
      "error": 15
    },
    "7": {
      "peak_pos": 17,
      "peak_score": 0.14130095884524885,
      "true_onset": 16,
      "error": 1
    },
    "8": {
      "peak_pos": 48,
      "peak_score": 0.16241514297951387,
      "true_onset": 10,
      "error": 38
    },
    "9": {
      "peak_pos": 66,
      "peak_score": 0.08727475523935889,
      "true_onset": 40,
      "error": 26
    },
    "10": {
      "peak_pos": 86,
      "peak_score": 0.15862326188771775,
      "true_onset": 6,
      "error": 80
    },
    "11": {
      "peak_pos": 46,
      "peak_score": 0.10871279303823386,
      "true_onset": 45,
      "error": 1
    },
    "12": {
      "peak_pos": 101,
      "peak_score": 0.09554515859237292,
      "true_onset": 10,
      "error": 91
    },
    "13": {
      "peak_pos": 69,
      "peak_score": 0.10230490964847447,
      "true_onset": 64,
      "error": 5
    },
    "14": {
      "peak_pos": 28,
      "peak_score": 0.19684731667747216,
      "true_onset": 88,
      "error": -60
    },
    "15": {
      "peak_pos": 62,
      "peak_score": 0.09680018468849881,
      "true_onset": 4,
      "error": 58
    },
    "16": {
      "peak_pos": 82,
      "peak_score": 0.15508784620055038,
      "true_onset": 82,
      "error": 0
    },
    "17": {
      "peak_pos": 10,
      "peak_score": 0.12794368780000503,
      "true_onset": 9,
      "error": 1
    },
    "18": {
      "peak_pos": 93,
      "peak_score": 0.14711028339991644,
      "true_onset": 25,
      "error": 68
    },
    "19": {
      "peak_pos": 142,
      "peak_score": 0.11499878359547172,
      "true_onset": 141,
      "error": 1
    },
    "20": {
      "peak_pos": 75,
      "peak_score": 0.16554447093118377,
      "true_onset": 44,
      "error": 31
    },
    "101": {
      "peak_pos": 14,
      "peak_score": 0.07025076172922534,
      "true_onset": 31,
      "error": -17
    },
    "102": {
      "peak_pos": 14,
      "peak_score": 0.09590903343405047,
      "true_onset": 25,
      "error": -11
    },
    "103": {
      "peak_pos": 15,
      "peak_score": 0.09398783168873268,
      "true_onset": 39,
      "error": -24
    },
    "104": {
      "peak_pos": 122,
      "peak_score": 0.11821362081398995,
      "true_onset": 22,
      "error": 100
    },
    "105": {
      "peak_pos": 14,
      "peak_score": 0.10997515729236047,
      "true_onset": 25,
      "error": -11
    },
    "106": {
      "peak_pos": 17,
      "peak_score": 0.06519310985993736,
      "true_onset": 23,
      "error": -6
    },
    "107": {
      "peak_pos": 19,
      "peak_score": 0.14352564994669134,
      "true_onset": 76,
      "error": -57
    },
    "108": {
      "peak_pos": 17,
      "peak_score": 0.17022297542868808,
      "true_onset": 48,
      "error": -31
    },
    "109": {
      "peak_pos": 105,
      "peak_score": 0.09639327884026891,
      "true_onset": 38,
      "error": 67
    },
    "110": {
      "peak_pos": 14,
      "peak_score": 0.05437924888371819,
      "true_onset": 21,
      "error": -7
    },
    "111": {
      "peak_pos": 121,
      "peak_score": 0.10153713895536892,
      "true_onset": 120,
      "error": 1
    },
    "112": {
      "peak_pos": 14,
      "peak_score": 0.14855049183038682,
      "true_onset": 23,
      "error": -9
    },
    "113": {
      "peak_pos": 114,
      "peak_score": 0.09625143684038791,
      "true_onset": 48,
      "error": 66
    },
    "114": {
      "peak_pos": 67,
      "peak_score": 0.111908247831485,
      "true_onset": 20,
      "error": 47
    },
    "115": {
      "peak_pos": 17,
      "peak_score": 0.12098837889441087,
      "true_onset": 51,
      "error": -34
    },
    "116": {
      "peak_pos": 10,
      "peak_score": 0.09080697862674803,
      "true_onset": 39,
      "error": -29
    },
    "117": {
      "peak_pos": 44,
      "peak_score": 0.07689363086207983,
      "true_onset": 55,
      "error": -11
    },
    "118": {
      "peak_pos": 21,
      "peak_score": 0.051036566185951884,
      "true_onset": 62,
      "error": -41
    },
    "119": {
      "peak_pos": 102,
      "peak_score": 0.11482394401765146,
      "true_onset": 22,
      "error": 80
    },
    "120": {
      "peak_pos": 15,
      "peak_score": 0.18507429763215327,
      "true_onset": 32,
      "error": -17
    },
    "201": {
      "peak_pos": 19,
      "peak_score": 0.1385712740345215,
      "true_onset": 21,
      "error": -2
    },
    "202": {
      "peak_pos": 17,
      "peak_score": 0.14651888042434713,
      "true_onset": 19,
      "error": -2
    },
    "203": {
      "peak_pos": 11,
      "peak_score": 0.11712472107673037,
      "true_onset": 14,
      "error": -3
    },
    "204": {
      "peak_pos": 10,
      "peak_score": 0.2027584281384877,
      "true_onset": 13,
      "error": -3
    },
    "205": {
      "peak_pos": 19,
      "peak_score": 0.09386022319126011,
      "true_onset": 22,
      "error": -3
    },
    "206": {
      "peak_pos": 21,
      "peak_score": 0.2118389946173332,
      "true_onset": 22,
      "error": -1
    },
    "207": {
      "peak_pos": 16,
      "peak_score": 0.19274894091285644,
      "true_onset": 17,
      "error": -1
    },
    "208": {
      "peak_pos": 15,
      "peak_score": 0.14396535767206814,
      "true_onset": 18,
      "error": -3
    },
    "209": {
      "peak_pos": 10,
      "peak_score": 0.1775065126334785,
      "true_onset": 9,
      "error": 1
    },
    "210": {
      "peak_pos": 18,
      "peak_score": 0.1395133543091575,
      "true_onset": 19,
      "error": -1
    },
    "211": {
      "peak_pos": 11,
      "peak_score": 0.1570779953090817,
      "true_onset": 16,
      "error": -5
    },
    "212": {
      "peak_pos": 98,
      "peak_score": 0.15296069630003484,
      "true_onset": 16,
      "error": 82
    },
    "213": {
      "peak_pos": 12,
      "peak_score": 0.09610056502254066,
      "true_onset": 14,
      "error": -2
    },
    "214": {
      "peak_pos": 25,
      "peak_score": 0.16251351877749437,
      "true_onset": 24,
      "error": 1
    },
    "215": {
      "peak_pos": 18,
      "peak_score": 0.13468977731175136,
      "true_onset": 19,
      "error": -1
    },
    "216": {
      "peak_pos": 58,
      "peak_score": 0.12177670029915524,
      "true_onset": 9,
      "error": 49
    },
    "217": {
      "peak_pos": 108,
      "peak_score": 0.1246224023615252,
      "true_onset": 17,
      "error": 91
    },
    "218": {
      "peak_pos": 21,
      "peak_score": 0.14493375789457846,
      "true_onset": 20,
      "error": 1
    },
    "219": {
      "peak_pos": 11,
      "peak_score": 0.14523251537431725,
      "true_onset": 15,
      "error": -4
    },
    "220": {
      "peak_pos": 10,