{
  "config": {
    "model": "Qwen/Qwen2.5-7B-Instruct",
    "experiment": "qwen_optimism_instruct",
    "trait": "mental_state/optimism",
    "temperature": 0.0,
    "single_layer": 13,
    "single_coef": 8.0,
    "multi_layers": [
      10,
      13,
      16
    ],
    "multi_coef": 3.0
  },
  "scores": {
    "baseline": [
      37.52766762286475,
      76.53206161843286,
      57.983220045357015,
      60.83450794379578,
      82.76952816696777,
      63.76385868684173,
      61.89037034976515,
      43.16101356848996,
      76.53256639074611,
      32.93734167281409,
      82.11000838639538,
      56.654068917522906,
      85.19570111189621,
      62.51657333344668,
      89.05220726861128,
      71.94978586974436,
      84.51305786073671,
      62.91487087134696,
      56.56934194411484,
      42.45812807588395
    ],
    "single_layer": [
      83.98455930043853,
      62.49642822273495,
      45.191076706083884,
      74.01871447305261,
      83.44632654062188,
      80.35583667408075,
      63.27537792144641,
      41.00767782740379,
      71.09632912275262,
      53.55788650716771,
      83.91056913498524,
      69.57639690386188,
      87.24798017449093,
      58.38813075375371,
      89.5056253876614,
      72.67649469514164,
      87.63749551157747,
      73.15313056712802,
      59.88211177293702,
      49.573433366538694
    ],
    "multi_layer": [
      84.4785206086442,
      82.05905825536364,
      70.46072451968833,
      70.3886781204044,
      88.75320549953403,
      84.99869576769436,
      64.12796563748259,
      35.93979965606336,
      84.92707307732663,
      59.97142433688018,
      84.99555026645274,
      70.86785475079643,
      86.31985334513058,
      81.48809363525469,
      89.59466021241688,
      83.69114547894803,
      86.29676944085607,
      77.6692038175473,
      52.18887638852138,
      39.0540539054743
    ]
  },
  "summary": {
    "baseline_mean": 64.39329398528872,
    "single_mean": 69.49907907819296,
    "multi_mean": 73.91356033602399,
    "single_delta": 5.105785092904242,
    "multi_delta": 9.52026635073527
  }
}