{"steps": [5, 10, 15, 20, 25, 30, 35, 40, 45, 50, 55, 60, 65, 70, 75, 80, 85, 90, 95, 100, 105, 110, 115, 120, 125, 130, 135, 140, 145, 150, 155, 160, 165, 170, 175, 180, 185, 190, 195, 200, 205, 210, 215, 220, 225, 230, 235, 240, 245, 250, 255, 260, 265, 270, 275, 280, 285, 290, 295, 300, 305, 310, 315, 320, 325, 330, 335, 340, 345, 350, 355, 360, 365, 370, 375, 380, 385, 390, 395, 400, 405, 410, 415, 420, 425, 430, 435, 440, 445, 450, 455, 460, 465, 470, 475, 480, 485, 490, 495, 500, 505, 510, 515, 520, 525, 530, 535, 540, 545, 550, 555, 560, 565, 570, 575, 580, 585, 590, 595, 600, 605, 610, 615, 620, 625, 630, 635, 640, 645, 650, 655, 660, 665, 670, 675, 676], "med_sport_cosine": [0.8127415776252747, 0.8597964644432068, 0.8611154556274414, 0.8564049601554871, 0.8539156913757324, 0.8472209572792053, 0.8333307504653931, 0.8182257413864136, 0.8057511448860168, 0.7971598505973816, 0.7884313464164734, 0.781895101070404, 0.7762417793273926, 0.7719777226448059, 0.7680730819702148, 0.7635073065757751, 0.7595359086990356, 0.7553532123565674, 0.7521972060203552, 0.7514159083366394, 0.7515046000480652, 0.7507243156433105, 0.7494581937789917, 0.7478632926940918, 0.7472434043884277, 0.7470700144767761, 0.7482678890228271, 0.7497714161872864, 0.7499916553497314, 0.7503468990325928, 0.7508712410926819, 0.7516873478889465, 0.75289386510849, 0.7528291344642639, 0.7525372505187988, 0.7519149780273438, 0.7520433664321899, 0.7531659603118896, 0.7537186145782471, 0.75389564037323, 0.7535446286201477, 0.7544082403182983, 0.7545107007026672, 0.7543486952781677, 0.7542759776115417, 0.7547827363014221, 0.7550415992736816, 0.7554258704185486, 0.7559952139854431, 0.7562804222106934, 0.756309986114502, 0.7568897604942322, 0.7581097483634949, 0.7586863040924072, 0.7592381834983826, 0.7594517469406128, 0.7593463063240051, 0.7593000531196594, 0.7596702575683594, 0.7600005865097046, 0.7599931955337524, 0.7600571513175964, 0.7602365612983704, 0.7603537440299988, 0.7599219679832458, 0.7598162889480591, 0.7600763440132141, 0.7599467039108276, 0.7593771815299988, 0.7588700652122498, 0.7587174773216248, 0.7589324116706848, 0.7587950229644775, 0.7586790919303894, 0.7582374215126038, 0.757835865020752, 0.7578010559082031, 0.7581108808517456, 0.7583478093147278, 0.7586023211479187, 0.7586050629615784, 0.7587144374847412, 0.7589112520217896, 0.7590739727020264, 0.7591649293899536, 0.7592633962631226, 0.7593162059783936, 0.7592100501060486, 0.7590017914772034, 0.7587001323699951, 0.7586386799812317, 0.7587715983390808, 0.7588438391685486, 0.758852481842041, 0.7592300772666931, 0.7594427466392517, 0.7593821883201599, 0.7595093250274658, 0.7596475481987, 0.7594076991081238, 0.7589981555938721, 0.7586767077445984, 0.7583194375038147, 0.7580885887145996, 0.7582489252090454, 0.7586142420768738, 0.7587703466415405, 0.758899450302124, 0.7590128779411316, 0.7591565251350403, 0.7589371204376221, 0.7586093544960022, 0.7582342028617859, 0.7580166459083557, 0.7578070163726807, 0.7578052878379822, 0.757853090763092, 0.7578380703926086, 0.7579395771026611, 0.7581371665000916, 0.7582816481590271, 0.7582826018333435, 0.7582456469535828, 0.7581833004951477, 0.758114218711853, 0.7580788731575012, 0.7580875158309937, 0.7580277323722839, 0.757982611656189, 0.7579580545425415, 0.7579587697982788, 0.7579782009124756, 0.7579873204231262, 0.7579913139343262, 0.7579944729804993, 0.7579944133758545], "med_norms": [0.010734048672020435, 0.03414951637387276, 0.052971236407756805, 0.06865651160478592, 0.08250293880701065, 0.09405568242073059, 0.10370267927646637, 0.11200594156980515, 0.11864923685789108, 0.12441427260637283, 0.12888050079345703, 0.13240891695022583, 0.1355602890253067, 0.1381782591342926, 0.14038662612438202, 0.1424032300710678, 0.14448067545890808, 0.14631478488445282, 0.14818938076496124, 0.15021063387393951, 0.15235787630081177, 0.15413682162761688, 0.15578614175319672, 0.15702182054519653, 0.15837416052818298, 0.15999296307563782, 0.16143271327018738, 0.16300076246261597, 0.16449418663978577, 0.16598926484584808, 0.16779446601867676, 0.1696859896183014, 0.17176279425621033, 0.17376482486724854, 0.17563793063163757, 0.17724119126796722, 0.17866313457489014, 0.18019744753837585, 0.18169641494750977, 0.18292565643787384, 0.18377366662025452, 0.18441200256347656, 0.18528248369693756, 0.18612542748451233, 0.18710893392562866, 0.18780304491519928, 0.18837575614452362, 0.18915462493896484, 0.18985870480537415, 0.19070811569690704, 0.19160419702529907, 0.1925194412469864, 0.19335396587848663, 0.19426174461841583, 0.19518131017684937, 0.19590744376182556, 0.19662295281887054, 0.19735731184482574, 0.1980677843093872, 0.19860023260116577, 0.19900110363960266, 0.1994825154542923, 0.1998986005783081, 0.2004503607749939, 0.2009451985359192, 0.20139046013355255, 0.20180146396160126, 0.20232592523097992, 0.2029215693473816, 0.20342880487442017, 0.20389972627162933, 0.20439505577087402, 0.20496025681495667, 0.20547060668468475, 0.20579087734222412, 0.2060588300228119, 0.20629343390464783, 0.2066144198179245, 0.2069011628627777, 0.20727989077568054, 0.20770634710788727, 0.208147794008255, 0.20857441425323486, 0.20889005064964294, 0.20912165939807892, 0.2094356268644333, 0.20981961488723755, 0.21008005738258362, 0.21028606593608856, 0.21041154861450195, 0.2106267809867859, 0.21085573732852936, 0.21111971139907837, 0.21141737699508667, 0.21175214648246765, 0.2120169848203659, 0.2122991532087326, 0.21260470151901245, 0.21283920109272003, 0.2129737138748169, 0.21314683556556702, 0.21335045993328094, 0.21351896226406097, 0.21363599598407745, 0.21376514434814453, 0.21391214430332184, 0.2139793187379837, 0.21412740647792816, 0.21427477896213531, 0.21444304287433624, 0.21458929777145386, 0.21471978724002838, 0.21482108533382416, 0.21494616568088531, 0.2150438129901886, 0.21511146426200867, 0.21518997848033905, 0.21526913344860077, 0.21535459160804749, 0.21542173624038696, 0.21550187468528748, 0.21558913588523865, 0.21565888822078705, 0.21571014821529388, 0.21573667228221893, 0.21575456857681274, 0.21576735377311707, 0.21578603982925415, 0.21580621600151062, 0.21583902835845947, 0.21586383879184723, 0.21588234603405, 0.2158985137939453, 0.21590736508369446, 0.21591036021709442, 0.21591056883335114],