{
  "prompt": {
    "text": "Hi",
    "tokens": [
      "<bos>",
      "Hi"
    ],
    "token_ids": [
      2,
      2151
    ],
    "n_tokens": 2
  },
  "response": {
    "text": " \n\nI",
    "tokens": [
      " ",
      "\n\n",
      "I"
    ],
    "token_ids": [
      235248,
      109,
      235285
    ],
    "n_tokens": 3
  },
  "projections": {
    "prompt": [
      [
        [
          2.353515625,
          0.74560546875,
          -5.55859375
        ],
        [
          -5.55859375,
          -0.384765625,
          -13.1796875
        ],
        [
          -13.1796875,
          -0.78564453125,
          -18.390625
        ],
        [
          -18.390625,
          -1.25,
          -24.90625
        ],
        [
          -24.90625,
          -1.0537109375,
          -33.65625
        ],
        [
          -33.65625,
          -0.9072265625,
          -38.46875
        ],
        [
          -38.46875,
          -0.62939453125,
          -47.21875
        ],
        [
          -47.21875,
          -0.78857421875,
          -56.90625
        ],
        [
          -56.90625,
          -0.81103515625,
          -62.78125
        ],
        [
          -62.78125,
          -0.70751953125,
          -72.5
        ],
        [
          -72.5,
          -0.6591796875,
          -75.5
        ],
        [
          -75.5,
          -0.6982421875,
          -83.0
        ],
        [
          -83.0,
          -0.76611328125,
          -93.125
        ],
        [
          -93.125,
          -0.62255859375,
          -104.6875
        ],
        [
          -104.6875,
          -0.41357421875,
          -112.5625
        ],
        [
          -112.5625,
          -0.376220703125,
          -125.125
        ],
        [
          -125.125,
          -0.3759765625,
          -135.125
        ],
        [
          -135.125,
          -0.4970703125,
          -147.125
        ],
        [
          -147.125,
          -0.64404296875,
          -153.625
        ],
        [
          -153.625,
          -0.56103515625,
          -161.875
        ],
        [
          -161.875,
          -0.416015625,
          -167.375
        ],
        [
          -167.375,
          -0.4873046875,
          -172.75
        ],
        [
          -172.75,
          -0.333740234375,
          -183.0
        ],
        [
          -183.0,
          -0.434326171875,
          -193.625
        ],
        [
          -193.625,
          -0.5732421875,
          -208.25
        ],
        [
          -208.25,
          -1.2509765625,
          -203.875
        ]
      ],
      [
        [
          -0.32666015625,
          -1.0986328125,
          0.239013671875
        ],
        [
          0.239013671875,
          -0.1505126953125,
          1.0673828125
        ],
        [
          1.0673828125,
          0.038543701171875,
          0.167236328125
        ],
        [
          0.167236328125,
          -0.650390625,
          -0.00983428955078125
        ],
        [
          -0.00983428955078125,
          -0.246337890625,
          -1.078125
        ],
        [
          -1.078125,
          -0.6337890625,
          -0.57275390625
        ],
        [
          -0.57275390625,
          -0.224609375,
          -4.00390625
        ],
        [
          -4.00390625,
          -0.93310546875,
          -5.79296875
        ],
        [
          -5.79296875,
          -0.5693359375,
          -5.3203125
        ],
        [
          -5.3203125,
          -0.2734375,
          -3.056640625
        ],
        [
          -3.056640625,
          0.3583984375,
          0.24755859375
        ],
        [
          0.24755859375,
          0.8896484375,
          -0.11480712890625
        ],
        [
          -0.11480712890625,
          0.45068359375,
          -2.47265625
        ],
        [
          -2.47265625,
          0.51416015625,
          -1.3095703125
        ],
        [
          -1.3095703125,
          0.8427734375,
          -5.6484375
        ],
        [
          -5.6484375,
          0.20556640625,
          -7.515625
        ],
        [
          -7.515625,
          0.18505859375,
          -4.3828125
        ],
        [
          -4.3828125,
          0.12432861328125,
          0.49658203125
        ],
        [
          0.49658203125,
          0.5693359375,
          1.4755859375
        ],
        [
          1.4755859375,
          0.48974609375,
          -2.029296875
        ],
        [
          -2.029296875,
          0.4521484375,
          2.04296875
        ],
        [
          2.04296875,
          0.61572265625,
          -1.2236328125
        ],
        [
          -1.2236328125,
          0.6015625,
          0.1427001953125
        ],
        [
          0.1427001953125,
          0.6533203125,
          2.02734375
        ],
        [
          2.02734375,
          0.7177734375,
          7.09375
        ],
        [
          7.09375,
          1.23828125,
          7.36328125
        ]
      ]
    ],